compound_id,parent_scaffold_id,building_block_id,regioisomer,product_smiles,product_inchi,product_inchikey,molecular_weight,h_donors,h_acceptors,logp,tpsa,rotatable_bonds,generation_status,synthetic_accessibility,lead_score,pains_status,ligand_pdbqt,vina_score,docking_status,pose_pdbqt,lead_score_phase2,norm_vina_score,norm_lead_score,combined_score
SCAF-001_BB-004-4F_CuAAC_1,SCAF-001,BB-004-4F,"1,4-CuAAC",CO[C@@H]1O[C@H](CO)[C@H](O)[C@H](OCn2cc(-c3ccc(F)cc3)nn2)[C@@H]1OC(=O)c1ccccc1[N+](=O)[O-],"InChI=1S/C23H23FN4O9/c1-34-23-21(37-22(31)15-4-2-3-5-17(15)28(32)33)20(19(30)18(11-29)36-23)35-12-27-10-16(25-26-27)13-6-8-14(24)9-7-13/h2-10,18-21,23,29-30H,11-12H2,1H3/t18-,19+,20+,21+,23-/m1/s1",XGYJEURCTJLFDQ-YPSHPOCOSA-N,518.4540000000002,2,11,1.2852,168.3,9,success,1.0,0.8395895661118482,CLEAN,phase3_output\ligands\SCAF-001_BB-004-4F_CuAAC_1.pdbqt,-6.138,dock_success,phase3_output\poses\SCAF-001_BB-004-4F_CuAAC_1_out.pdbqt,0.8395895661118482,1.0,0.8699557335822687,0.9219734401493612
SCAF-001_BB-001-Ph_CuAAC_1,SCAF-001,BB-001-Ph,"1,4-CuAAC",CO[C@@H]1O[C@H](CO)[C@H](O)[C@H](OCn2cc(-c3ccccc3)nn2)[C@@H]1OC(=O)c1ccccc1[N+](=O)[O-],"InChI=1S/C23H24N4O9/c1-33-23-21(36-22(30)15-9-5-6-10-17(15)27(31)32)20(19(29)18(12-28)35-23)34-13-26-11-16(24-25-26)14-7-3-2-4-8-14/h2-11,18-21,23,28-29H,12-13H2,1H3/t18-,19+,20+,21+,23-/m1/s1",QNGCXUWBWOXARF-YPSHPOCOSA-N,500.46400000000017,2,11,1.1461,168.3,9,success,1.0,0.9054179772442316,CLEAN,phase3_output\ligands\SCAF-001_BB-001-Ph_CuAAC_1.pdbqt,-5.728,dock_success,phase3_output\poses\SCAF-001_BB-001-Ph_CuAAC_1_out.pdbqt,0.9054179772442316,0.6471600688468158,1.0,0.8588640275387263
SCAF-001_BB-003-4Cl_CuAAC_1,SCAF-001,BB-003-4Cl,"1,4-CuAAC",CO[C@@H]1O[C@H](CO)[C@H](O)[C@H](OCn2cc(-c3ccc(Cl)cc3)nn2)[C@@H]1OC(=O)c1ccccc1[N+](=O)[O-],"InChI=1S/C23H23ClN4O9/c1-34-23-21(37-22(31)15-4-2-3-5-17(15)28(32)33)20(19(30)18(11-29)36-23)35-12-27-10-16(25-26-27)13-6-8-14(24)9-7-13/h2-10,18-21,23,29-30H,11-12H2,1H3/t18-,19+,20+,21+,23-/m1/s1",FPAQWXJVXIVDJI-YPSHPOCOSA-N,534.9090000000002,2,11,1.7995,168.3,9,success,1.0,0.7369207110465923,CLEAN,phase3_output\ligands\SCAF-001_BB-003-4Cl_CuAAC_1.pdbqt,-6.002,dock_success,phase3_output\poses\SCAF-001_BB-003-4Cl_CuAAC_1_out.pdbqt,0.7369207110465923,0.8829604130808949,0.6671330357343861,0.7534639866729895
SCAF-001_BB-004-4F_RuAAC_1,SCAF-001,BB-004-4F,"1,5-RuAAC",CO[C@@H]1O[C@H](CO)[C@H](O)[C@H](OCn2nncc2-c2ccc(F)cc2)[C@@H]1OC(=O)c1ccccc1[N+](=O)[O-],"InChI=1S/C23H23FN4O9/c1-34-23-21(37-22(31)15-4-2-3-5-16(15)28(32)33)20(19(30)18(11-29)36-23)35-12-27-17(10-25-26-27)13-6-8-14(24)9-7-13/h2-10,18-21,23,29-30H,11-12H2,1H3/t18-,19+,20+,21+,23-/m1/s1",FZTKEJKHPLQBQM-YPSHPOCOSA-N,518.4540000000002,2,11,1.2852,168.3,9,success,0.5,0.7645895661118481,CLEAN,phase3_output\ligands\SCAF-001_BB-004-4F_RuAAC_1.pdbqt,-5.843,dock_success,phase3_output\poses\SCAF-001_BB-004-4F_RuAAC_1_out.pdbqt,0.7645895661118481,0.7461273666092944,0.7217929598869479,0.7315267225758865
SCAF-001_BB-001-Ph_RuAAC_1,SCAF-001,BB-001-Ph,"1,5-RuAAC",CO[C@@H]1O[C@H](CO)[C@H](O)[C@H](OCn2nncc2-c2ccccc2)[C@@H]1OC(=O)c1ccccc1[N+](=O)[O-],"InChI=1S/C23H24N4O9/c1-33-23-21(36-22(30)15-9-5-6-10-16(15)27(31)32)20(19(29)18(12-28)35-23)34-13-26-17(11-24-25-26)14-7-3-2-4-8-14/h2-11,18-21,23,28-29H,12-13H2,1H3/t18-,19+,20+,21+,23-/m1/s1",IIQAHTYBOFYZDQ-YPSHPOCOSA-N,500.46400000000017,2,11,1.1461,168.3,9,success,0.5,0.8304179772442314,CLEAN,phase3_output\ligands\SCAF-001_BB-001-Ph_RuAAC_1.pdbqt,-5.481,dock_success,phase3_output\poses\SCAF-001_BB-001-Ph_RuAAC_1_out.pdbqt,0.8304179772442314,0.4345955249569706,0.851837226304679,0.6849405457655957
SCAF-001_BB-007-Pyridine_CuAAC_1,SCAF-001,BB-007-Pyridine,"1,4-CuAAC",CO[C@@H]1O[C@H](CO)[C@H](O)[C@H](OCn2cc(-c3ccccn3)nn2)[C@@H]1OC(=O)c1ccccc1[N+](=O)[O-],"InChI=1S/C22H23N5O9/c1-33-22-20(36-21(30)13-6-2-3-8-16(13)27(31)32)19(18(29)17(11-28)35-22)34-12-26-10-15(24-25-26)14-7-4-5-9-23-14/h2-10,17-20,22,28-29H,11-12H2,1H3/t17-,18+,19+,20+,22-/m1/s1",YQGZQCVXPZRNBA-QXQWVWGKSA-N,501.45200000000017,2,12,0.5410999999999999,181.19,9,success,1.0,0.6256616986958564,CLEAN,phase3_output\ligands\SCAF-001_BB-007-Pyridine_CuAAC_1.pdbqt,-6.008,dock_success,phase3_output\poses\SCAF-001_BB-007-Pyridine_CuAAC_1_out.pdbqt,0.6256616986958564,0.8881239242685026,0.44734045082122653,0.623653840200137
SCAF-001_BB-003-4Cl_RuAAC_1,SCAF-001,BB-003-4Cl,"1,5-RuAAC",CO[C@@H]1O[C@H](CO)[C@H](O)[C@H](OCn2nncc2-c2ccc(Cl)cc2)[C@@H]1OC(=O)c1ccccc1[N+](=O)[O-],"InChI=1S/C23H23ClN4O9/c1-34-23-21(37-22(31)15-4-2-3-5-16(15)28(32)33)20(19(30)18(11-29)36-23)35-12-27-17(10-25-26-27)13-6-8-14(24)9-7-13/h2-10,18-21,23,29-30H,11-12H2,1H3/t18-,19+,20+,21+,23-/m1/s1",DMKFGNKODDCTLP-YPSHPOCOSA-N,534.9090000000002,2,11,1.7995,168.3,9,success,0.5,0.6619207110465922,CLEAN,phase3_output\ligands\SCAF-001_BB-003-4Cl_RuAAC_1.pdbqt,-5.584,dock_success,phase3_output\poses\SCAF-001_BB-003-4Cl_RuAAC_1_out.pdbqt,0.6619207110465922,0.5232358003442339,0.5189702620390653,0.5206764773611328
SCAF-001_BB-008-Furan_CuAAC_1,SCAF-001,BB-008-Furan,"1,4-CuAAC",CO[C@@H]1O[C@H](CO)[C@H](O)[C@H](OCn2cc(-c3ccoc3)nn2)[C@@H]1OC(=O)c1ccccc1[N+](=O)[O-],"InChI=1S/C21H22N4O10/c1-31-21-19(35-20(28)13-4-2-3-5-15(13)25(29)30)18(17(27)16(9-26)34-21)33-11-24-8-14(22-23-24)12-6-7-32-10-12/h2-8,10,16-19,21,26-27H,9,11H2,1H3/t16-,17+,18+,19+,21-/m1/s1",FEVWSDKJXZMNCW-QFCZJPRCSA-N,490.4250000000002,2,12,0.7391000000000001,181.44,9,success,1.0,0.6282815356489945,CLEAN,phase3_output\ligands\SCAF-001_BB-008-Furan_CuAAC_1.pdbqt,-5.5,dock_success,phase3_output\poses\SCAF-001_BB-008-Furan_CuAAC_1_out.pdbqt,0.6282815356489945,0.4509466437177281,0.45251594828264563,0.45188822645667864
SCAF-001_BB-007-Pyridine_RuAAC_1,SCAF-001,BB-007-Pyridine,"1,5-RuAAC",CO[C@@H]1O[C@H](CO)[C@H](O)[C@H](OCn2nncc2-c2ccccn2)[C@@H]1OC(=O)c1ccccc1[N+](=O)[O-],"InChI=1S/C22H23N5O9/c1-33-22-20(36-21(30)13-6-2-3-8-15(13)27(31)32)19(18(29)17(11-28)35-22)34-12-26-16(10-24-25-26)14-7-4-5-9-23-14/h2-10,17-20,22,28-29H,11-12H2,1H3/t17-,18+,19+,20+,22-/m1/s1",BQXSEUYWDOAEMI-QXQWVWGKSA-N,501.45200000000017,2,12,0.5410999999999999,181.19,9,success,0.5,0.5506616986958563,CLEAN,phase3_output\ligands\SCAF-001_BB-007-Pyridine_RuAAC_1.pdbqt,-5.659,dock_success,phase3_output\poses\SCAF-001_BB-007-Pyridine_RuAAC_1_out.pdbqt,0.5506616986958563,0.5877796901893286,0.29917767712590565,0.41461848235127485
SCAF-001_BB-002-4OMe_CuAAC_1,SCAF-001,BB-002-4OMe,"1,4-CuAAC",COc1ccc(-c2cn(CO[C@H]3[C@@H](O)[C@@H](CO)O[C@@H](OC)[C@H]3OC(=O)c3ccccc3[N+](=O)[O-])nn2)cc1,"InChI=1S/C24H26N4O10/c1-34-15-9-7-14(8-10-15)17-11-27(26-25-17)13-36-21-20(30)19(12-29)37-24(35-2)22(21)38-23(31)16-5-3-4-6-18(16)28(32)33/h3-11,19-22,24,29-30H,12-13H2,1-2H3/t19-,20+,21+,22+,24-/m1/s1",QQNAKVZIKGCRPW-XALOWKIYSA-N,530.4900000000001,2,12,1.1547,177.53,10,success,1.0,0.4742179505477237,CLEAN,phase3_output\ligands\SCAF-001_BB-002-4OMe_CuAAC_1.pdbqt,-5.816,dock_success,phase3_output\poses\SCAF-001_BB-002-4OMe_CuAAC_1_out.pdbqt,0.4742179505477237,0.7228915662650601,0.14816277369532074,0.3780542907232165
SCAF-001_BB-005-3Br_RuAAC_1,SCAF-001,BB-005-3Br,"1,5-RuAAC",CO[C@@H]1O[C@H](CO)[C@H](O)[C@H](OCn2nncc2-c2cccc(Br)c2)[C@@H]1OC(=O)c1ccccc1[N+](=O)[O-],"InChI=1S/C23H23BrN4O9/c1-34-23-21(37-22(31)15-7-2-3-8-16(15)28(32)33)20(19(30)18(11-29)36-23)35-12-27-17(10-25-26-27)13-5-4-6-14(24)9-13/h2-10,18-21,23,29-30H,11-12H2,1H3/t18-,19+,20+,21+,23-/m1/s1",RPJTUBVHWWPKBL-YPSHPOCOSA-N,579.3600000000001,2,11,1.9086,168.3,9,success,0.5,0.5249999999999999,CLEAN,phase3_output\ligands\SCAF-001_BB-005-3Br_RuAAC_1.pdbqt,-5.401,dock_success,phase3_output\poses\SCAF-001_BB-005-3Br_RuAAC_1_out.pdbqt,0.5249999999999999,0.3657487091222029,0.24848289770574988,0.2953892222723311
SCAF-001_BB-008-Furan_RuAAC_1,SCAF-001,BB-008-Furan,"1,5-RuAAC",CO[C@@H]1O[C@H](CO)[C@H](O)[C@H](OCn2nncc2-c2ccoc2)[C@@H]1OC(=O)c1ccccc1[N+](=O)[O-],"InChI=1S/C21H22N4O10/c1-31-21-19(35-20(28)13-4-2-3-5-14(13)25(29)30)18(17(27)16(9-26)34-21)33-11-24-15(8-22-23-24)12-6-7-32-10-12/h2-8,10,16-19,21,26-27H,9,11H2,1H3/t16-,17+,18+,19+,21-/m1/s1",CNGHJRKYNYWBRC-QFCZJPRCSA-N,490.4250000000002,2,12,0.7391000000000001,181.44,9,success,0.5,0.5532815356489944,CLEAN,phase3_output\ligands\SCAF-001_BB-008-Furan_RuAAC_1.pdbqt,-5.226,dock_success,phase3_output\poses\SCAF-001_BB-008-Furan_RuAAC_1_out.pdbqt,0.5532815356489944,0.21514629948364894,0.30435317458732475,0.26867042454585444
SCAF-001_BB-002-4OMe_RuAAC_1,SCAF-001,BB-002-4OMe,"1,5-RuAAC",COc1ccc(-c2cnnn2CO[C@H]2[C@@H](O)[C@@H](CO)O[C@@H](OC)[C@H]2OC(=O)c2ccccc2[N+](=O)[O-])cc1,"InChI=1S/C24H26N4O10/c1-34-15-9-7-14(8-10-15)18-11-25-26-27(18)13-36-21-20(30)19(12-29)37-24(35-2)22(21)38-23(31)16-5-3-4-6-17(16)28(32)33/h3-11,19-22,24,29-30H,12-13H2,1-2H3/t19-,20+,21+,22+,24-/m1/s1",ZVBMRGHNYQZKDA-XALOWKIYSA-N,530.4900000000001,2,12,1.1547,177.53,10,success,0.5,0.3992179505477237,CLEAN,phase3_output\ligands\SCAF-001_BB-002-4OMe_RuAAC_1.pdbqt,-5.718,dock_success,phase3_output\poses\SCAF-001_BB-002-4OMe_RuAAC_1_out.pdbqt,0.3992179505477237,0.6385542168674699,0.0,0.255421686746988
SCAF-001_BB-005-3Br_CuAAC_1,SCAF-001,BB-005-3Br,"1,4-CuAAC",CO[C@@H]1O[C@H](CO)[C@H](O)[C@H](OCn2cc(-c3cccc(Br)c3)nn2)[C@@H]1OC(=O)c1ccccc1[N+](=O)[O-],"InChI=1S/C23H23BrN4O9/c1-34-23-21(37-22(31)15-7-2-3-8-17(15)28(32)33)20(19(30)18(11-29)36-23)35-12-27-10-16(25-26-27)13-5-4-6-14(24)9-13/h2-10,18-21,23,29-30H,11-12H2,1H3/t18-,19+,20+,21+,23-/m1/s1",UFLOFHMPAMQXSO-YPSHPOCOSA-N,579.3600000000001,2,11,1.9086,168.3,9,success,1.0,0.6,CLEAN,phase3_output\ligands\SCAF-001_BB-005-3Br_CuAAC_1.pdbqt,-4.976,dock_success,phase3_output\poses\SCAF-001_BB-005-3Br_CuAAC_1_out.pdbqt,0.6,0.0,0.3966456714010707,0.2379874028406424
